size(n),InsertSort,QuickSort,MergeSort
10000.0,1.8049574E7,0.0,3200877.0
15000.0,4.070783E7,0.0,1504542.0
20000.0,4.8148826E7,0.0,1815324.0
25000.0,7.616092E7,0.0,2507405.0
30000.0,1.07375308E8,0.0,3097033.0
35000.0,1.45345948E8,0.0,3558841.0
40000.0,1.87019075E8,0.0,3992567.0
45000.0,2.96830273E8,0.0,1.2309108E7
50000.0,3.13618538E8,0.0,2881978.0
